id;name;city;attractionStatus;website;attemptOutcome;detail;approvedPhotos;pendingPhotos;photoStatus;nextStep
f22be405-dfc7-54c8-9be4-becb433b228d;AlpakaTeam - Przygoda z Alpaką;Nosówka;active;https://alpakateam.pl;no_candidate;Expanded: Brak zdjęcia przez bezpośrednie powiązanie z rozpoznaną licencją.;0;0;missing;Własne zdjęcie lub zdjęcie udostępnione przez właściciela
c05f02fc-f6de-5595-81a8-9b22d0b05e8b;Bajka Malowana;Rzeszów;awaiting_photo;;no_candidate;Expanded: Brak zdjęcia przez bezpośrednie powiązanie z rozpoznaną licencją.;0;0;missing;Własne zdjęcie lub zdjęcie udostępnione przez właściciela
77fd8257-545c-56d3-84e5-1b26aac1e0d6;Berdecha;Lecka;active;;no_candidate;Expanded: Brak zdjęcia przez bezpośrednie powiązanie z rozpoznaną licencją.;0;0;missing;Własne zdjęcie lub zdjęcie udostępnione przez właściciela
febce603-039d-523f-a561-591a84b1085b;Bicykl;Rzeszów;active;;no_candidate;Expanded: Brak zdjęcia przez bezpośrednie powiązanie z rozpoznaną licencją.;0;0;missing;Własne zdjęcie lub zdjęcie udostępnione przez właściciela
09959ed7-f7ba-5636-8cdc-0e3fe92720e7;Bulwar WSK Rzeszów;Rzeszów;active;;no_candidate;Expanded: Brak zdjęcia przez bezpośrednie powiązanie z rozpoznaną licencją.;0;0;missing;Własne zdjęcie lub zdjęcie udostępnione przez właściciela
5128c245-236f-55da-a380-de821830deb2;Burger;Rzeszów;awaiting_photo;;no_candidate;Expanded: Brak zdjęcia przez bezpośrednie powiązanie z rozpoznaną licencją.;0;0;missing;Własne zdjęcie lub zdjęcie udostępnione przez właściciela
d8004fc5-fe85-589c-9e2a-5c44c2dabf7d;Centrum Snu;Rzeszów;awaiting_photo;;no_candidate;Expanded: Brak zdjęcia przez bezpośrednie powiązanie z rozpoznaną licencją.;0;0;missing;Własne zdjęcie lub zdjęcie udostępnione przez właściciela
e77222f8-8eb6-5aca-8422-66ae69d9d201;Czabajka;Harta;active;;no_candidate;Expanded: Brak zdjęcia przez bezpośrednie powiązanie z rozpoznaną licencją.;0;0;missing;Własne zdjęcie lub zdjęcie udostępnione przez właściciela
6e0d3e00-fee4-5776-8cfa-ae0647cc051e;Dawna Karczma drewniana, 1 ćw. XIX w;Rakszawa;active;;no_candidate;Expanded: Brak zdjęcia przez bezpośrednie powiązanie z rozpoznaną licencją.;0;0;missing;Własne zdjęcie lub zdjęcie udostępnione przez właściciela
d137b965-8a8a-5919-8d4d-027c5771d673;Deloitte;Rzeszów;awaiting_photo;;no_candidate;Expanded: Brak zdjęcia przez bezpośrednie powiązanie z rozpoznaną licencją.;0;0;missing;Własne zdjęcie lub zdjęcie udostępnione przez właściciela
8f8f36af-66c5-5175-a027-017afa86a22f;Double Trouble;Rzeszów;awaiting_photo;;no_candidate;Expanded: Brak zdjęcia przez bezpośrednie powiązanie z rozpoznaną licencją.;0;0;missing;Własne zdjęcie lub zdjęcie udostępnione przez właściciela
92bd6dd8-ed52-5f87-8389-4d6463a1be63;Dziewczynka ze słuchawkami;Rzeszów;awaiting_photo;;no_candidate;Expanded: Brak zdjęcia przez bezpośrednie powiązanie z rozpoznaną licencją.;0;0;missing;Własne zdjęcie lub zdjęcie udostępnione przez właściciela
90e043e8-713a-560a-a5d4-fbf22579da96;Dzwon Niepodległości;Rzeszów;active;;no_candidate;Expanded: Brak zdjęcia przez bezpośrednie powiązanie z rozpoznaną licencją.;0;0;missing;Własne zdjęcie lub zdjęcie udostępnione przez właściciela
9960bdb4-08b6-5962-b9d3-ae4f7382b8bc;Edukacyjna Zagroda Szmer;Godowa;active;;no_candidate;Expanded: Brak zdjęcia przez bezpośrednie powiązanie z rozpoznaną licencją.;0;0;missing;Własne zdjęcie lub zdjęcie udostępnione przez właściciela
0dbb8b72-a436-5128-b3de-947758523b12;Fortepian;Łańcut;active;;no_candidate;Expanded: Brak zdjęcia przez bezpośrednie powiązanie z rozpoznaną licencją.;0;0;missing;Własne zdjęcie lub zdjęcie udostępnione przez właściciela
395a6f45-35d1-5f25-8423-248101e2ebaf;Franciszek Kotula;Rzeszów;awaiting_photo;;no_candidate;Expanded: Brak zdjęcia przez bezpośrednie powiązanie z rozpoznaną licencją.;0;0;missing;Własne zdjęcie lub zdjęcie udostępnione przez właściciela
2216a502-fe49-5f7d-9897-fd3637e0c5a2;Fred Zinnemann;Rzeszów;awaiting_photo;;no_candidate;Expanded: Brak zdjęcia przez bezpośrednie powiązanie z rozpoznaną licencją.;0;0;missing;Własne zdjęcie lub zdjęcie udostępnione przez właściciela
159edec9-2443-5748-b281-d5181b8f9bd7;Galeria Rzeźby Cermicznej Władysławy Prucnal;Medynia Głogowska;active;;no_candidate;Expanded: Brak zdjęcia przez bezpośrednie powiązanie z rozpoznaną licencją.;0;0;missing;Własne zdjęcie lub zdjęcie udostępnione przez właściciela
19a89e63-e2f4-54ff-bc3f-644a8e495463;Gminny Ośrodek Kultury w Jaworniku Polskim;Jawornik Polski;active;;no_candidate;Expanded: Brak zdjęcia przez bezpośrednie powiązanie z rozpoznaną licencją.;0;0;missing;Własne zdjęcie lub zdjęcie udostępnione przez właściciela
377de258-249e-5276-b3d8-c429251c67ba;Góra Zamkowa;Przedmieście Czudeckie;active;;no_candidate;Expanded: Brak zdjęcia przez bezpośrednie powiązanie z rozpoznaną licencją.;0;0;missing;Własne zdjęcie lub zdjęcie udostępnione przez właściciela
9df8930e-18b5-5678-a714-af219ce30e99;Grodzisko;Mrowla;active;;no_candidate;Expanded: Brak zdjęcia przez bezpośrednie powiązanie z rozpoznaną licencją.;0;0;missing;Własne zdjęcie lub zdjęcie udostępnione przez właściciela
bd7af9a4-3eb1-50ff-b6f5-518332ae513e;Grodzisko Pierścieniowe Okop;Rzeszów;active;http://www.lubenia.pl/index.php?action=pages_1&action_id=40;no_candidate;Expanded: Brak zdjęcia przez bezpośrednie powiązanie z rozpoznaną licencją.;0;0;missing;Własne zdjęcie lub zdjęcie udostępnione przez właściciela
f7024269-69a0-517d-8ed9-c4182ab5b2ff;Grodzisko średniowieczne;Łańcut;active;;no_candidate;Expanded: Brak zdjęcia przez bezpośrednie powiązanie z rozpoznaną licencją.;0;0;missing;Własne zdjęcie lub zdjęcie udostępnione przez właściciela
6c0992e2-70c7-5e31-9c28-c732ee83f5ef;Izba Pamięci gen. Władysława Sikorskiego;Hyżne;active;;no_candidate;Expanded: Brak zdjęcia przez bezpośrednie powiązanie z rozpoznaną licencją.;0;0;missing;Własne zdjęcie lub zdjęcie udostępnione przez właściciela
1d7e6db7-84ec-5676-b955-54378e013c4d;Jan Paweł II;Kraczkowa;awaiting_photo;;no_candidate;Expanded: Brak zdjęcia przez bezpośrednie powiązanie z rozpoznaną licencją.;0;0;missing;Własne zdjęcie lub zdjęcie udostępnione przez właściciela
b9f12da0-d0a6-5ebf-b126-2e3d3e810b79;Kaplica bł. Józefa Kowalskiego;Siedliska;active;http://www.lubenia.pl/index.php?action=pages_1&action_id=44;no_candidate;Expanded: Brak zdjęcia przez bezpośrednie powiązanie z rozpoznaną licencją.;0;0;missing;Własne zdjęcie lub zdjęcie udostępnione przez właściciela
bece5f73-39fb-5e40-a39b-87b9858222e5;Kolbuszowskie Muzeum Techniki Militarnej i Użytkowej;Kolbuszowa Dolna;active;;no_candidate;Expanded: Brak zdjęcia przez bezpośrednie powiązanie z rozpoznaną licencją.;0;0;missing;Własne zdjęcie lub zdjęcie udostępnione przez właściciela
79a080e4-7b41-5085-80b9-1625c19ad5e9;Kompleks Turystyczny Brzezóvka w Brzezówce;Brzezówka;active;https://brzezovka.pl/;no_candidate;Expanded: Brak zdjęcia przez bezpośrednie powiązanie z rozpoznaną licencją.;0;0;missing;Własne zdjęcie lub zdjęcie udostępnione przez właściciela
2c60dac5-aeca-5558-adda-98b9780dd365;Kopiec Konfederatów Barskich;Rzeszów;active;;no_candidate;Expanded: Brak zdjęcia przez bezpośrednie powiązanie z rozpoznaną licencją.;0;0;missing;Własne zdjęcie lub zdjęcie udostępnione przez właściciela
b6b734c2-5928-52f6-ba49-bde010b823f5;Krzemionka;Niechobrz;active;;no_candidate;Expanded: Brak zdjęcia przez bezpośrednie powiązanie z rozpoznaną licencją.;0;0;missing;Własne zdjęcie lub zdjęcie udostępnione przez właściciela
73b38a1e-8614-561c-9be0-3955f7fc257b;Lasek w Mrowli;Mrowla;active;;no_candidate;Expanded: Brak zdjęcia przez bezpośrednie powiązanie z rozpoznaną licencją.;0;0;missing;Własne zdjęcie lub zdjęcie udostępnione przez właściciela
5c3f5d3f-3f79-5c77-a093-e34ee49b7628;Łysa Góra;Wola Zgłobieńska;active;;no_candidate;Expanded: Brak zdjęcia przez bezpośrednie powiązanie z rozpoznaną licencją.;0;0;missing;Własne zdjęcie lub zdjęcie udostępnione przez właściciela
72294b44-9b0c-5412-814d-bf3b4004ec7f;Magiczna Polana;Rzeszów;active;;no_candidate;Expanded: Brak zdjęcia przez bezpośrednie powiązanie z rozpoznaną licencją.;0;0;missing;Własne zdjęcie lub zdjęcie udostępnione przez właściciela
152b2cc8-ba3d-5481-a6ec-b0b71dbb6fdf;Maria Magdalena;gmina Krasne;active;;no_candidate;Expanded: Brak zdjęcia przez bezpośrednie powiązanie z rozpoznaną licencją.;0;0;missing;Własne zdjęcie lub zdjęcie udostępnione przez właściciela
cc9f728b-a163-51cf-a86b-ebe7d6f5cb6f;Miejsce dawnego Zamku Będziemyskiego;Będziemyśl;active;https://www.zamki.pl/?idzamku=bedziemysl;no_candidate;Expanded: Brak zdjęcia przez bezpośrednie powiązanie z rozpoznaną licencją.;0;0;missing;Własne zdjęcie lub zdjęcie udostępnione przez właściciela
8070a3ca-4294-5051-ac4f-befb2577a57f;Miejsce Pamięci - Miejsce byłego obozu NKWD w Trzebusce;Nienadówka;active;;no_candidate;Expanded: Brak zdjęcia przez bezpośrednie powiązanie z rozpoznaną licencją.;0;0;missing;Własne zdjęcie lub zdjęcie udostępnione przez właściciela
ca9a0f5d-2419-5785-9d81-e1851fdcb1e3;Mini Zoo;Pstrągowa;active;https://rozanydworek.pl/hodowla_lam_i_danieli.php;no_candidate;Expanded: Brak zdjęcia przez bezpośrednie powiązanie z rozpoznaną licencją.;0;0;missing;Własne zdjęcie lub zdjęcie udostępnione przez właściciela
ec16c1eb-ac2e-5aed-8e38-4917002470f1;Misio i Jaszczur;Rzeszów;awaiting_photo;;no_candidate;Expanded: Brak zdjęcia przez bezpośrednie powiązanie z rozpoznaną licencją.;0;0;missing;Własne zdjęcie lub zdjęcie udostępnione przez właściciela
c86f6ff8-af62-5df4-a8c5-ba274fcc4bf3;"Mural ""Pamiętany""";Rzeszów;awaiting_photo;;no_candidate;Expanded: Brak zdjęcia przez bezpośrednie powiązanie z rozpoznaną licencją.;0;0;missing;Własne zdjęcie lub zdjęcie udostępnione przez właściciela
f0932f1f-148e-5b20-bac5-efeda5accd11;Muzeum Energetyki;Rzeszów;active;;no_candidate;Expanded: Brak zdjęcia przez bezpośrednie powiązanie z rozpoznaną licencją.;0;0;missing;Własne zdjęcie lub zdjęcie udostępnione przez właściciela
2a433cbf-5082-585e-b51c-883ab56b30fc;Muzeum Gorzelnictwa;Łańcut;active;https://muzeumgorzelnictwa.pl/museum.html;no_candidate;Expanded: Brak zdjęcia przez bezpośrednie powiązanie z rozpoznaną licencją.;0;0;missing;Własne zdjęcie lub zdjęcie udostępnione przez właściciela
9ccc7709-1e68-52e0-9c43-8cdafc175a1c;Muzeum Łowiectwa w Rzeszowie;Rzeszów;active;;no_candidate;Expanded: Brak zdjęcia przez bezpośrednie powiązanie z rozpoznaną licencją.;0;0;missing;Własne zdjęcie lub zdjęcie udostępnione przez właściciela
2915ec02-e399-57c2-9949-9d0a86297873;Muzeum Mleczarstwa;Rzeszów;active;http://zss.rze.pl/?page_id=19;no_candidate;Expanded: Brak zdjęcia przez bezpośrednie powiązanie z rozpoznaną licencją.;0;0;missing;Własne zdjęcie lub zdjęcie udostępnione przez właściciela
9f735d6c-243b-5088-971b-65e2f93b746d;Muzeum Pisanek;Błażowa;active;;no_candidate;Expanded: Brak zdjęcia przez bezpośrednie powiązanie z rozpoznaną licencją.;0;0;missing;Własne zdjęcie lub zdjęcie udostępnione przez właściciela
adf9bc87-d99d-540a-821f-c0bf06aae233;Muzeum Regionalne;Zaczernie;active;;no_candidate;Expanded: Brak zdjęcia przez bezpośrednie powiązanie z rozpoznaną licencją.;0;0;missing;Własne zdjęcie lub zdjęcie udostępnione przez właściciela
f2537876-0938-58c4-9c03-099b49d3470b;Muzeum Regionalne;Handzlówka;active;http://www.gminalancut.pl/asp/pl_start.asp?typ=14&menu=98&strona=1;no_candidate;Expanded: Brak zdjęcia przez bezpośrednie powiązanie z rozpoznaną licencją.;0;0;missing;Własne zdjęcie lub zdjęcie udostępnione przez właściciela
9a7f4474-e72b-569d-a84d-8e5646ba987d;Muzeum Samorządowe Ziemi Strzyżowskiej;Strzyżów;active;https://www.muzeum-strzyzow.pl/;no_candidate;Expanded: Brak zdjęcia przez bezpośrednie powiązanie z rozpoznaną licencją.;0;0;missing;Własne zdjęcie lub zdjęcie udostępnione przez właściciela
57ea4cd5-2290-56d3-b413-01edc2125296;Muzeum Silników Stacjonarnych i Techniki Rolniczej „S”;Niebylec;active;http://muzeumsilnikow.pl/;no_candidate;Expanded: Brak zdjęcia przez bezpośrednie powiązanie z rozpoznaną licencją.;0;0;missing;Własne zdjęcie lub zdjęcie udostępnione przez właściciela
aa980e5f-0407-5da9-bf09-d6970aeadcfa;Muzeum Strachów Polnych;Sołonka;active;http://www.lubenia.pl/index.php?action=pages_1&action_id=760;no_candidate;Expanded: Brak zdjęcia przez bezpośrednie powiązanie z rozpoznaną licencją.;0;0;missing;Własne zdjęcie lub zdjęcie udostępnione przez właściciela
dc480174-01fa-50e0-853b-0fa9e2450e76;Muzeum T. Kantora;Wielopole Skrzyńskie;active;https://gokiw.wielopole-skrz.pl/osrodek-dokumentacji-i-historii-regionu-muzeum-t-kantora/;no_candidate;Expanded: Brak zdjęcia przez bezpośrednie powiązanie z rozpoznaną licencją.;0;0;missing;Własne zdjęcie lub zdjęcie udostępnione przez właściciela
5a0c279e-489c-51bb-aab3-69fc7298ccc8;Muzeum Techniki i Militariów - Schron Marysieńka;Rzeszów;active;https://muzeum-techniki.rzeszow.pl/;no_candidate;Expanded: Brak zdjęcia przez bezpośrednie powiązanie z rozpoznaną licencją.;0;0;missing;Własne zdjęcie lub zdjęcie udostępnione przez właściciela
437ce275-543f-56bf-a440-101d76e3ceb9;"Muzeum wsi Podkarpackiej ""Potoki""";Błażowa Górna;active;https://www.blazowa.com.pl/?c=mdTresc-cmPokaz-107;no_candidate;Expanded: Brak zdjęcia przez bezpośrednie powiązanie z rozpoznaną licencją.;0;0;missing;Własne zdjęcie lub zdjęcie udostępnione przez właściciela
9891a9e2-7868-56e6-8cdc-9c5b66146f8b;Nasze Maki;Rzeszów;awaiting_photo;;no_candidate;Expanded: Brak zdjęcia przez bezpośrednie powiązanie z rozpoznaną licencją.;0;0;missing;Własne zdjęcie lub zdjęcie udostępnione przez właściciela
2e2c418f-3ee6-5ac7-8456-340ea5a7086a;Niedźwiedź;Błażowa;active;;no_candidate;Expanded: Brak zdjęcia przez bezpośrednie powiązanie z rozpoznaną licencją.;0;0;missing;Własne zdjęcie lub zdjęcie udostępnione przez właściciela
f19c30e0-de9d-578e-b2d0-224870c7e238;Nierzeczywista;Rzeszów;active;;no_candidate;Expanded: Brak zdjęcia przez bezpośrednie powiązanie z rozpoznaną licencją.;0;0;missing;Własne zdjęcie lub zdjęcie udostępnione przez właściciela
32437c37-99c2-5cb7-90e5-0d2303baee6c;Papugarnia;Rzeszów;active;https://www.facebook.com/PapugarniaRzeszow/;no_candidate;Expanded: Brak zdjęcia przez bezpośrednie powiązanie z rozpoznaną licencją.;0;0;missing;Własne zdjęcie lub zdjęcie udostępnione przez właściciela
bc523f9e-1a7a-564a-8ed0-eddbaf97e168;Park Błogosławionej Karoliny Kózki;Rzeszów;active;;no_candidate;Expanded: Brak zdjęcia przez bezpośrednie powiązanie z rozpoznaną licencją.;0;0;missing;Własne zdjęcie lub zdjęcie udostępnione przez właściciela
308553ed-d5ab-5a6e-9fdd-eb6d27494fcd;Park dworski;Rzeszów;active;;no_candidate;Expanded: Brak zdjęcia przez bezpośrednie powiązanie z rozpoznaną licencją.;0;0;missing;Własne zdjęcie lub zdjęcie udostępnione przez właściciela
70ec8715-3f38-5fc8-ae10-37367562a870;Park dworski;Hadle Szklarskie;active;;no_candidate;Expanded: Brak zdjęcia przez bezpośrednie powiązanie z rozpoznaną licencją.;0;0;missing;Własne zdjęcie lub zdjęcie udostępnione przez właściciela
76616b86-889f-52ee-8a0f-cf9c96801bf7;Park dworski;Zaczernie;active;;no_candidate;Expanded: Brak zdjęcia przez bezpośrednie powiązanie z rozpoznaną licencją.;0;0;missing;Własne zdjęcie lub zdjęcie udostępnione przez właściciela
afff43fd-8b45-50f1-b6b5-558f7011528b;Park dworski;Żyznów;active;;no_candidate;Expanded: Brak zdjęcia przez bezpośrednie powiązanie z rozpoznaną licencją.;0;0;missing;Własne zdjęcie lub zdjęcie udostępnione przez właściciela
99fcad52-6b4a-50c6-8571-d27c8481542e;Park Dworski;Bratkowice;active;;no_candidate;Expanded: Brak zdjęcia przez bezpośrednie powiązanie z rozpoznaną licencją.;0;0;missing;Własne zdjęcie lub zdjęcie udostępnione przez właściciela
3bc958c5-74b4-5684-bdca-85d21c1fc949;Park Grabina;Głogów Małopolski;active;;no_candidate;Expanded: Brak zdjęcia przez bezpośrednie powiązanie z rozpoznaną licencją.;0;0;missing;Własne zdjęcie lub zdjęcie udostępnione przez właściciela
c82a6680-dde2-5e9f-8afd-d352d3f390b5;Park im. Władysława Szafera;Rzeszów;active;;no_candidate;Expanded: Brak zdjęcia przez bezpośrednie powiązanie z rozpoznaną licencją.;0;0;missing;Własne zdjęcie lub zdjęcie udostępnione przez właściciela
a0343514-05a4-5e19-a77d-a4d28192ac07;park imienia Tadeusza Nalepy;Zgłobień;active;;no_candidate;Expanded: Brak zdjęcia przez bezpośrednie powiązanie z rozpoznaną licencją.;0;0;missing;Własne zdjęcie lub zdjęcie udostępnione przez właściciela
1772ab06-8d75-5b8e-b52c-b80334da461c;Park Jana Bieniaszewskiego;Wysoka Głogowska;active;;no_candidate;Expanded: Brak zdjęcia przez bezpośrednie powiązanie z rozpoznaną licencją.;0;0;missing;Własne zdjęcie lub zdjęcie udostępnione przez właściciela
cda0c882-e8fc-5d04-b5f8-c8a2bb3c6e9c;Park Księdza Władysława Brzuszka;Głogów Małopolski;active;;no_candidate;Expanded: Brak zdjęcia przez bezpośrednie powiązanie z rozpoznaną licencją.;0;0;missing;Własne zdjęcie lub zdjęcie udostępnione przez właściciela
e33620f5-5a1a-5338-87ef-4db430cda632;Park Kultury i Wypoczynku;Rzeszów;active;;no_candidate;Expanded: Brak zdjęcia przez bezpośrednie powiązanie z rozpoznaną licencją.;0;0;missing;Własne zdjęcie lub zdjęcie udostępnione przez właściciela
67a042ef-423b-5b39-94e3-782dec7d3275;Park Miłocin;Rzeszów;active;https://erzeszow.pl/45-mieszkancy/16641-parki-w-rzeszowie/16676-park-na-osiedlu-milocin.html;no_candidate;Expanded: Brak zdjęcia przez bezpośrednie powiązanie z rozpoznaną licencją.;0;0;missing;Własne zdjęcie lub zdjęcie udostępnione przez właściciela
f2a0c5b3-0713-5517-bd98-31c99e2b3026;Park Papieski;Rzeszów;active;;no_candidate;Expanded: Brak zdjęcia przez bezpośrednie powiązanie z rozpoznaną licencją.;0;0;missing;Własne zdjęcie lub zdjęcie udostępnione przez właściciela
7af2b6e2-02a0-55a7-823f-aef59030c50a;Park podworski;Dynów;active;;no_candidate;Expanded: Brak zdjęcia przez bezpośrednie powiązanie z rozpoznaną licencją.;0;0;missing;Własne zdjęcie lub zdjęcie udostępnione przez właściciela
b6f34d6a-2a61-5fbe-81fc-d5779b96864d;Park Sybiraków;Rzeszów;active;;no_candidate;Expanded: Brak zdjęcia przez bezpośrednie powiązanie z rozpoznaną licencją.;0;0;missing;Własne zdjęcie lub zdjęcie udostępnione przez właściciela
fd2a3ff7-4ebd-5034-b24a-8224310fb876;Park Zdrowia;Rzeszów;active;;no_candidate;Expanded: Brak zdjęcia przez bezpośrednie powiązanie z rozpoznaną licencją.;0;0;missing;Własne zdjęcie lub zdjęcie udostępnione przez właściciela
5f4c540b-2f27-5b66-8999-d9c294d97fef;Piccolo;Rzeszów;awaiting_photo;;no_candidate;Expanded: Brak zdjęcia przez bezpośrednie powiązanie z rozpoznaną licencją.;0;0;missing;Własne zdjęcie lub zdjęcie udostępnione przez właściciela
8700a290-4c8e-5827-aaac-3130fa83aa40;Pizza;Rzeszów;awaiting_photo;;no_candidate;Expanded: Brak zdjęcia przez bezpośrednie powiązanie z rozpoznaną licencją.;0;0;missing;Własne zdjęcie lub zdjęcie udostępnione przez właściciela
ba0e3dba-ec15-5ff4-84a1-b746f79eff2f;Plan Wiedemanna;Rzeszów;awaiting_photo;;no_candidate;Expanded: Brak zdjęcia przez bezpośrednie powiązanie z rozpoznaną licencją.;0;0;missing;Własne zdjęcie lub zdjęcie udostępnione przez właściciela
66fe24a1-82ff-5ddf-aef1-ed342603b9a4;Planty;Błażowa;active;;no_candidate;Expanded: Brak zdjęcia przez bezpośrednie powiązanie z rozpoznaną licencją.;0;0;missing;Własne zdjęcie lub zdjęcie udostępnione przez właściciela
e6cc83f4-fc27-5303-bd19-94e7385b8db9;Planty;Łańcut;active;;no_candidate;Expanded: Brak zdjęcia przez bezpośrednie powiązanie z rozpoznaną licencją.;0;0;missing;Własne zdjęcie lub zdjęcie udostępnione przez właściciela
844962d9-85cd-54ff-b710-5a8e45752c3f;Platforma Widokowa;Czudec;active;;no_candidate;Expanded: Brak zdjęcia przez bezpośrednie powiązanie z rozpoznaną licencją.;0;0;missing;Własne zdjęcie lub zdjęcie udostępnione przez właściciela
f7bd8336-a6bb-56b0-9106-bbecc899f9ff;Pomnik gen. Władysława Sikorskiego;Hyżne;active;;no_candidate;Expanded: Brak zdjęcia przez bezpośrednie powiązanie z rozpoznaną licencją.;0;0;missing;Własne zdjęcie lub zdjęcie udostępnione przez właściciela
2bfec098-4b01-50a2-80df-32ff058055de;Pomnik Grunwaldu;Rzeszów;active;;no_candidate;Expanded: Brak zdjęcia przez bezpośrednie powiązanie z rozpoznaną licencją.;0;0;missing;Własne zdjęcie lub zdjęcie udostępnione przez właściciela
5301a941-77f4-5e62-acda-5ebc308c36b6;Pomnik Ignacego Łukasiewicza;Rzeszów;active;;no_candidate;Expanded: Brak zdjęcia przez bezpośrednie powiązanie z rozpoznaną licencją.;0;0;missing;Własne zdjęcie lub zdjęcie udostępnione przez właściciela
4988fd7d-5af5-58a2-9dc0-9fef0012d014;Pomnik Pamięci Ofiar Terroru Sowieckiego;Sokołów Małopolski;active;;no_candidate;Expanded: Brak zdjęcia przez bezpośrednie powiązanie z rozpoznaną licencją.;0;0;missing;Własne zdjęcie lub zdjęcie udostępnione przez właściciela
453040be-3c30-502e-87a8-01aa853cea59;Pomnik Wolności 1918-1928;Rzeszów;active;;no_candidate;Expanded: Brak zdjęcia przez bezpośrednie powiązanie z rozpoznaną licencją.;0;0;missing;Własne zdjęcie lub zdjęcie udostępnione przez właściciela
ec978983-b86f-5342-a80d-f91b4ce3efe7;Pracownia rodziny Plizgów;Medynia Głogowska;active;;no_candidate;Expanded: Brak zdjęcia przez bezpośrednie powiązanie z rozpoznaną licencją.;0;0;missing;Własne zdjęcie lub zdjęcie udostępnione przez właściciela
0e9068e0-0906-576e-9584-25a16952ed39;Prochownia;Łańcut;active;;no_candidate;Expanded: Brak zdjęcia przez bezpośrednie powiązanie z rozpoznaną licencją.;0;0;missing;Własne zdjęcie lub zdjęcie udostępnione przez właściciela
ab3f94ea-e486-5918-a18c-e2e0fccdc670;Punkt Widzenia;Rzeszów;awaiting_photo;;no_candidate;Expanded: Brak zdjęcia przez bezpośrednie powiązanie z rozpoznaną licencją.;0;0;missing;Własne zdjęcie lub zdjęcie udostępnione przez właściciela
609e6e7f-0836-5375-84dd-e0fe05047d46;Ratośniówki;Strzyżów;active;;no_candidate;Expanded: Brak zdjęcia przez bezpośrednie powiązanie z rozpoznaną licencją.;0;0;missing;Własne zdjęcie lub zdjęcie udostępnione przez właściciela
115b1422-353a-5142-8532-036324bd15ed;Retyrada;Rudna Mała;active;;no_candidate;Expanded: Brak zdjęcia przez bezpośrednie powiązanie z rozpoznaną licencją.;0;0;missing;Własne zdjęcie lub zdjęcie udostępnione przez właściciela
e21f3c0c-0a13-57d7-ae33-e3b63f6509a4;Ruchoma Szopka;Kielanówka;active;;no_candidate;Expanded: Brak zdjęcia przez bezpośrednie powiązanie z rozpoznaną licencją.;0;0;missing;Własne zdjęcie lub zdjęcie udostępnione przez właściciela
07559fa3-f1cf-5f08-9534-6f16e902354e;Rynek;Jawornik Polski;active;;no_candidate;Expanded: Brak zdjęcia przez bezpośrednie powiązanie z rozpoznaną licencją.;0;0;missing;Własne zdjęcie lub zdjęcie udostępnione przez właściciela
93f1865b-7c50-5eb9-a452-4f035f610cd9;Saksofon;Rzeszów;awaiting_photo;http://supernowosci24.pl/muzyczny-mural-na-targowej/;no_candidate;Expanded: Brak zdjęcia przez bezpośrednie powiązanie z rozpoznaną licencją.;0;0;missing;Własne zdjęcie lub zdjęcie udostępnione przez właściciela
d7a70fd3-27a9-5abf-8c1e-6d811eb4971c;Ser;Rzeszów;awaiting_photo;;no_candidate;Expanded: Brak zdjęcia przez bezpośrednie powiązanie z rozpoznaną licencją.;0;0;missing;Własne zdjęcie lub zdjęcie udostępnione przez właściciela
e662d4ff-d4bf-5362-bb34-b3230426ec95;Smokówka;Żarnowa;active;;no_candidate;Expanded: Brak zdjęcia przez bezpośrednie powiązanie z rozpoznaną licencją.;0;0;missing;Własne zdjęcie lub zdjęcie udostępnione przez właściciela
8bf123ca-10ad-5da7-a8e8-73cfb9dbcb6c;Super Saiyan Gokū;Rzeszów;awaiting_photo;;no_candidate;Expanded: Brak zdjęcia przez bezpośrednie powiązanie z rozpoznaną licencją.;0;0;missing;Własne zdjęcie lub zdjęcie udostępnione przez właściciela
b8b02fab-c636-5fe5-a7be-81ac7785ce2c;Teatr Narodowy w Rzeszowie;Rzeszów;active;;no_candidate;"Expanded: Nazwa poprawiona ręcznie; powiązanie źródłowe wymaga sprawdzenia.";0;0;missing;Własne zdjęcie lub zdjęcie udostępnione przez właściciela
8c324bbd-4387-52f7-9f06-dc51a97db6fe;Tężnia solankowa;Sołonka;active;;no_candidate;Expanded: Brak zdjęcia przez bezpośrednie powiązanie z rozpoznaną licencją.;0;0;missing;Własne zdjęcie lub zdjęcie udostępnione przez właściciela
cb159eb3-2a24-5738-85f4-cc651bf0ac21;TKt48-27;Rzeszów;active;;no_candidate;Expanded: Brak zdjęcia przez bezpośrednie powiązanie z rozpoznaną licencją.;0;0;missing;Własne zdjęcie lub zdjęcie udostępnione przez właściciela
76d78bb0-7984-5b7f-8652-12127b5bbefc;Turkusowa Polana;Rzeszów;active;https://turkusowapolana.pl;no_candidate;Expanded: Brak zdjęcia przez bezpośrednie powiązanie z rozpoznaną licencją.;0;0;missing;Własne zdjęcie lub zdjęcie udostępnione przez właściciela
b28a7efa-2b2d-5e66-b28b-e5e81ee9770a;Widok na Rzeszów;Żarnowa;active;;no_candidate;Expanded: Brak zdjęcia przez bezpośrednie powiązanie z rozpoznaną licencją.;0;0;missing;Własne zdjęcie lub zdjęcie udostępnione przez właściciela
b5a8105f-144a-5b91-8472-c06e09b2b042;widok na Rzeszow i okolice;Medynia Głogowska;active;;no_candidate;Expanded: Brak zdjęcia przez bezpośrednie powiązanie z rozpoznaną licencją.;0;0;missing;Własne zdjęcie lub zdjęcie udostępnione przez właściciela
223c4f80-381d-5482-ab00-2dfb31feb12e;Wiewiórki Świata;Rudna Wielka;active;www.wiewiorkiswiata.pl;no_candidate;Expanded: Brak zdjęcia przez bezpośrednie powiązanie z rozpoznaną licencją.;0;0;missing;Własne zdjęcie lub zdjęcie udostępnione przez właściciela
0fa9348f-0153-5e4a-8eca-0d73df94ca98;Wilcze;Barycz;active;;no_candidate;Expanded: Brak zdjęcia przez bezpośrednie powiązanie z rozpoznaną licencją.;0;0;missing;Własne zdjęcie lub zdjęcie udostępnione przez właściciela
114db40a-b64c-56a5-879e-21670dd0bd10;Wystawa Starych Motocykli;Sędziszów Małopolski;active;;no_candidate;Expanded: Brak zdjęcia przez bezpośrednie powiązanie z rozpoznaną licencją.;0;0;missing;Własne zdjęcie lub zdjęcie udostępnione przez właściciela
22ad8fa6-ad43-530b-aa56-8f65c9782c87;Zamek Lubomirskich;Rzeszów;active;;no_candidate;Expanded: Brak zdjęcia przez bezpośrednie powiązanie z rozpoznaną licencją.;0;0;missing;Własne zdjęcie lub zdjęcie udostępnione przez właściciela
ccb1769f-e79c-5df7-811e-05a1f08c52d8;Zbiorowa Mogiła Żydowska;Głogów Małopolski;active;;no_candidate;Expanded: Brak zdjęcia przez bezpośrednie powiązanie z rozpoznaną licencją.;0;0;missing;Własne zdjęcie lub zdjęcie udostępnione przez właściciela
bf3099d7-4944-599a-a520-11de9952a735;Zbiory Sztuki Cerkiewnej;Łańcut;active;;no_candidate;Expanded: Brak zdjęcia przez bezpośrednie powiązanie z rozpoznaną licencją.;0;0;missing;Własne zdjęcie lub zdjęcie udostępnione przez właściciela
b3df0c42-6cc3-5b7b-84bc-4acbd985175f;Zdobywcom przestrzeni;Rzeszów;active;;no_candidate;Expanded: Brak zdjęcia przez bezpośrednie powiązanie z rozpoznaną licencją.;0;0;missing;Własne zdjęcie lub zdjęcie udostępnione przez właściciela
ef288468-7553-51b4-86b2-bdfc2bfd030a;ZPAP;Rzeszów;active;;no_candidate;Expanded: Brak zdjęcia przez bezpośrednie powiązanie z rozpoznaną licencją.;0;0;missing;Własne zdjęcie lub zdjęcie udostępnione przez właściciela
51c868fa-f7c7-5baf-8cd9-af6de92c09e4;Zwierzęta Lisiej Góry;Rzeszów;awaiting_photo;;no_candidate;Expanded: Brak zdjęcia przez bezpośrednie powiązanie z rozpoznaną licencją.;0;0;missing;Własne zdjęcie lub zdjęcie udostępnione przez właściciela
c754c071-b070-59fc-aec6-c1f154abc249;Żyj zdrowo w zdrowym świecie;Rzeszów;awaiting_photo;;no_candidate;Expanded: Brak zdjęcia przez bezpośrednie powiązanie z rozpoznaną licencją.;0;0;missing;Własne zdjęcie lub zdjęcie udostępnione przez właściciela
